sucess_num, total_num
weak-up-to, 45, 139 
buchberger, 318, 723 
jordan-curve-theorem, 222, 627 
dblib, 77, 150 
disel, 210, 526 
zchinese, 16, 36 
zfc, 42, 131
dep-map, 17, 43 
chinese, 74, 131 
UnifySL, 395, 793 
hoare-tut, 11, 18 
huffman, 103, 221 
PolTac, 140, 146 
angles, 15, 46 
coq-procrastination, 8, 8 
coq-library-undecidability, 694, 1682
tree-automata, 399, 823 
coquelicot, 503, 1432 
fermat4, 61, 130 
demos, 53, 56
coqoban, 0, 0   
goedel, 159, 536 
verdi-raft, 577, 2006 
zorns-lemma, 37, 134 
coqrel, 133, 151 
fundamental-arithmetics, 68, 142 
all, 4377, 10830